Cycle Time,BEV Slack (MET),BEV Total Cell Area,BRIDGE Slack (MET),BRIDGE Total Cell Area,Combined Total Cell Area,Product of Cycle Time and Total Cell Area
2.8,0.00,37972.569631,0.00,11742.998367,49715.567998,139042.1744748
2.9,0.00,37635.091205,0.00,11505.513597,49140.604802,142375.7534365
3.0,0.00,36357.048020,0.01,11030.544009,47387.592029,142161.876608
3.1,0.00,36891.388795,0.00,11230.531204,48121.920999,149324.0508185
3.2,0.00,36085.190414,0.01,11533.636750,47618.827164,152218.946372
3.3,0.00,35057.131227,0.00,11039.918392,46097.049619,152046.5439721
