Cycle time,BEV Slack (MET),BEV Total cell area,BRIDGE Slack (MET),BRIDGE Total cell area,,,
2.8,0,39306.85921,0,10214.97089,,,138656
2.9,0,38347.54564,0,11046.16777,,,143238.7
3,0,37663.21447,0,10652.44325,,,144945
3.1,0,36741.39853,0.01,10368.08639,,,146022
3.2,0,35688.34088,0.02,9674.380784,,,145158
3.3,0,35119.62729,0,10043.10689,,,149034.6
